{
	"info": {
		"_postman_id": "7dde21b8-872f-4a4a-bf09-e1c667ac0493",
		"name": "cusman API",
		"schema": "https://schema.getpostman.com/json/collection/v2.1.0/collection.json"
	},
	"item": [
		{
			"name": "customers",
			"item": [
				{
					"name": "find all",
					"request": {
						"method": "GET",
						"header": []
					},
					"response": []
				},
				{
					"name": "find one by id",
					"request": {
						"method": "GET",
						"header": [],
						"url": {
							"raw": "http://localhost:3000/api/v1/customers/4",
							"protocol": "http",
							"host": [
								"localhost"
							],
							"port": "3000",
							"path": [
								"api",
								"v1",
								"customers",
								"4"
							]
						}
					},
					"response": []
				},
				{
					"name": "add customers",
					"request": {
						"method": "POST",
						"header": [],
						"body": {
							"mode": "raw",
							"raw": "{\n    \"firstName\": \"Hi\",\n    \"lastName\": \"Coders\",\n    \"country\": \"Italy\"\n}",
							"options": {
								"raw": {
									"language": "json"
								}
							}
						},
						"url": {
							"raw": "http://localhost:3000/api/v1/customers",
							"protocol": "http",
							"host": [
								"localhost"
							],
							"port": "3000",
							"path": [
								"api",
								"v1",
								"customers"
							]
						}
					},
					"response": []
				},
				{
					"name": "change",
					"request": {
						"method": "PUT",
						"header": [],
						"body": {
							"mode": "raw",
							"raw": "{\n    \"id\": 4,\n    \"firstName\": \"Hi\",\n    \"lastName\": \"Coders\",\n    \"country\": \"Italy\"\n}",
							"options": {
								"raw": {
									"language": "json"
								}
							}
						},
						"url": {
							"raw": "http://localhost:3000/api/v1/customers/4",
							"protocol": "http",
							"host": [
								"localhost"
							],
							"port": "3000",
							"path": [
								"api",
								"v1",
								"customers",
								"4"
							]
						}
					},
					"response": []
				},
				{
					"name": "remove",
					"request": {
						"method": "DELETE",
						"header": [],
						"url": {
							"raw": "http://localhost:3000/api/v1/customers/4",
							"protocol": "http",
							"host": [
								"localhost"
							],
							"port": "3000",
							"path": [
								"api",
								"v1",
								"customers",
								"4"
							]
						}
					},
					"response": []
				}
			]
		},
		{
			"name": "engineers",
			"item": [
				{
					"name": "find all",
					"request": {
						"method": "GET",
						"header": [],
						"url": {
							"raw": "http://localhost:3000/api/v1/engineers",
							"protocol": "http",
							"host": [
								"localhost"
							],
							"port": "3000",
							"path": [
								"api",
								"v1",
								"engineers"
							]
						}
					},
					"response": []
				},
				{
					"name": "find one by id",
					"request": {
						"method": "GET",
						"header": [],
						"url": {
							"raw": "http://localhost:3000/api/v1/engineers/4",
							"protocol": "http",
							"host": [
								"localhost"
							],
							"port": "3000",
							"path": [
								"api",
								"v1",
								"engineers",
								"4"
							]
						}
					},
					"response": []
				},
				{
					"name": "add",
					"request": {
						"method": "POST",
						"header": [],
						"body": {
							"mode": "raw",
							"raw": "{\n    \"firstName\": \"Hi\",\n    \"lastName\": \"Coders\",\n    \"workload\": 20\n}",
							"options": {
								"raw": {
									"language": "json"
								}
							}
						},
						"url": {
							"raw": "http://localhost:3000/api/v1/engineers",
							"protocol": "http",
							"host": [
								"localhost"
							],
							"port": "3000",
							"path": [
								"api",
								"v1",
								"engineers"
							]
						}
					},
					"response": []
				},
				{
					"name": "change",
					"request": {
						"method": "PUT",
						"header": [],
						"body": {
							"mode": "raw",
							"raw": "{\n    \"id\": 4,\n    \"firstName\": \"Hi\",\n    \"lastName\": \"Coders\",\n    \"workload\": 20\n}",
							"options": {
								"raw": {
									"language": "json"
								}
							}
						},
						"url": {
							"raw": "http://localhost:3000/api/v1/engineers/4",
							"protocol": "http",
							"host": [
								"localhost"
							],
							"port": "3000",
							"path": [
								"api",
								"v1",
								"engineers",
								"4"
							]
						}
					},
					"response": []
				},
				{
					"name": "remove",
					"request": {
						"method": "DELETE",
						"header": [],
						"url": {
							"raw": "http://localhost:3000/api/v1/engineers/4",
							"protocol": "http",
							"host": [
								"localhost"
							],
							"port": "3000",
							"path": [
								"api",
								"v1",
								"engineers",
								"4"
							]
						}
					},
					"response": []
				}
			]
		},
		{
			"name": "tasks",
			"item": [
				{
					"name": "find all",
					"request": {
						"method": "GET",
						"header": [],
						"url": {
							"raw": "http://localhost:3000/api/v1/tasks",
							"protocol": "http",
							"host": [
								"localhost"
							],
							"port": "3000",
							"path": [
								"api",
								"v1",
								"tasks"
							]
						}
					},
					"response": []
				},
				{
					"name": "find one by id",
					"request": {
						"method": "GET",
						"header": [],
						"url": {
							"raw": "http://localhost:3000/api/v1/tasks/4",
							"protocol": "http",
							"host": [
								"localhost"
							],
							"port": "3000",
							"path": [
								"api",
								"v1",
								"tasks",
								"4"
							]
						}
					},
					"response": []
				},
				{
					"name": "add",
					"request": {
						"method": "POST",
						"header": [],
						"body": {
							"mode": "raw",
							"raw": "{\n    \"title\": \"create hosting\",\n    \"deadline\": \"2022-05-01 10:00:00\",\n    \"done\": 0\n}",
							"options": {
								"raw": {
									"language": "json"
								}
							}
						},
						"url": {
							"raw": "http://localhost:3000/api/v1/tasks",
							"protocol": "http",
							"host": [
								"localhost"
							],
							"port": "3000",
							"path": [
								"api",
								"v1",
								"tasks"
							]
						}
					},
					"response": []
				},
				{
					"name": "change",
					"request": {
						"method": "PUT",
						"header": [],
						"body": {
							"mode": "raw",
							"raw": "{\n    \"id\": 4,\n    \"title\": \"Hi\",\n    \"deadline\": \"2022-05-01 10:00:00\",\n    \"done\": 1\n}",
							"options": {
								"raw": {
									"language": "json"
								}
							}
						},
						"url": {
							"raw": "http://localhost:3000/api/v1/tasks/4",
							"protocol": "http",
							"host": [
								"localhost"
							],
							"port": "3000",
							"path": [
								"api",
								"v1",
								"tasks",
								"4"
							]
						}
					},
					"response": []
				},
				{
					"name": "remove",
					"request": {
						"method": "DELETE",
						"header": [],
						"url": {
							"raw": "http://localhost:3000/api/v1/tasks/4",
							"protocol": "http",
							"host": [
								"localhost"
							],
							"port": "3000",
							"path": [
								"api",
								"v1",
								"tasks",
								"4"
							]
						}
					},
					"response": []
				}
			]
		},
		{
			"name": "website",
			"item": [
				{
					"name": "find all",
					"request": {
						"method": "GET",
						"header": [],
						"url": {
							"raw": "http://localhost:3000/api/v1/websites",
							"protocol": "http",
							"host": [
								"localhost"
							],
							"port": "3000",
							"path": [
								"api",
								"v1",
								"websites"
							]
						}
					},
					"response": []
				},
				{
					"name": "find one by id",
					"request": {
						"method": "GET",
						"header": [],
						"url": {
							"raw": "http://localhost:3000/api/v1/websites/4",
							"protocol": "http",
							"host": [
								"localhost"
							],
							"port": "3000",
							"path": [
								"api",
								"v1",
								"websites",
								"4"
							]
						}
					},
					"response": []
				},
				{
					"name": "add",
					"request": {
						"method": "POST",
						"header": [],
						"body": {
							"mode": "raw",
							"raw": "{\n    \"name\": \"dejura\",\n    \"url\": \"https://verein-dejure.ch\"\n}",
							"options": {
								"raw": {
									"language": "json"
								}
							}
						},
						"url": {
							"raw": "http://localhost:3000/api/v1/websites",
							"protocol": "http",
							"host": [
								"localhost"
							],
							"port": "3000",
							"path": [
								"api",
								"v1",
								"websites"
							]
						}
					},
					"response": []
				},
				{
					"name": "change",
					"request": {
						"method": "PUT",
						"header": [],
						"body": {
							"mode": "raw",
							"raw": "{\n    \"id\": 4,\n    \"name\": \"dejura\",\n    \"url\": \"https://verein-dejure.ch\"\n}",
							"options": {
								"raw": {
									"language": "json"
								}
							}
						},
						"url": {
							"raw": "http://localhost:3000/api/v1/websites/4",
							"protocol": "http",
							"host": [
								"localhost"
							],
							"port": "3000",
							"path": [
								"api",
								"v1",
								"websites",
								"4"
							]
						}
					},
					"response": []
				},
				{
					"name": "remove",
					"request": {
						"method": "DELETE",
						"header": [],
						"url": {
							"raw": "http://localhost:3000/api/v1/websites/4",
							"protocol": "http",
							"host": [
								"localhost"
							],
							"port": "3000",
							"path": [
								"api",
								"v1",
								"websites",
								"4"
							]
						}
					},
					"response": []
				}
			]
		}
	]
}